{
    "packages": [
        {
            "name": "chrome-php/chrome",
            "version": "v1.8.1",
            "version_normalized": "1.8.1.0",
            "source": {
                "type": "git",
                "url": "https://github.com/chrome-php/chrome.git",
                "reference": "9146c37c14d99cff3e4d9cd2f5ba843d149b3cbc"
            },
            "dist": {
                "type": "zip",
                "url": "https://api.github.com/repos/chrome-php/chrome/zipball/9146c37c14d99cff3e4d9cd2f5ba843d149b3cbc",
                "reference": "9146c37c14d99cff3e4d9cd2f5ba843d149b3cbc",
                "shasum": ""
            },
            "require": {
                "chrome-php/wrench": "^1.5",
                "evenement/evenement": "^3.0.1",
                "monolog/monolog": "^1.27.1 || ^2.8 || ^3.2",
                "php": "^7.4.15 || ^8.0.2",
                "psr/log": "^1.1 || ^2.0 || ^3.0",
                "symfony/filesystem": "^4.4 || ^5.0 || ^6.0",
                "symfony/polyfill-mbstring": "^1.26",
                "symfony/process": "^4.4 || ^5.0 || ^6.0"
            },
            "require-dev": {
                "bamarni/composer-bin-plugin": "^1.8.2",
                "phpunit/phpunit": "^9.6.3 || ^10.0.12",
                "symfony/var-dumper": "^4.4 || ^5.0 || ^6.0"
            },
            "time": "2023-03-11T18:20:57+00:00",
            "type": "library",
            "extra": {
                "bamarni-bin": {
                    "bin-links": true,
                    "forward-command": false
                }
            },
            "installation-source": "dist",
            "autoload": {
                "psr-4": {
                    "HeadlessChromium\\": "src/"
                }
            },
            "notification-url": "https://packagist.org/downloads/",
            "license": [
                "MIT"
            ],
            "authors": [
                {
                    "name": "Graham Campbell",
                    "email": "hello@gjcampbell.co.uk",
                    "homepage": "https://github.com/GrahamCampbell"
                },
                {
                    "name": "Enrico Dias",
                    "email": "enrico@enricodias.com",
                    "homepage": "https://github.com/enricodias"
                }
            ],
            "description": "Instrument headless chrome/chromium instances from PHP",
            "keywords": [
                "browser",
                "chrome",
                "chromium",
                "crawl",
                "headless",
                "pdf",
                "puppeteer",
                "screenshot"
            ],
            "support": {
                "issues": "https://github.com/chrome-php/chrome/issues",
                "source": "https://github.com/chrome-php/chrome/tree/v1.8.1"
            },
            "install-path": "../chrome-php/chrome"
        },
        {
            "name": "chrome-php/wrench",
            "version": "v1.5.0",
            "version_normalized": "1.5.0.0",
            "source": {
                "type": "git",
                "url": "https://github.com/chrome-php/wrench.git",
                "reference": "725246324339e5fd5d798361b561e81004324f96"
            },
            "dist": {
                "type": "zip",
                "url": "https://api.github.com/repos/chrome-php/wrench/zipball/725246324339e5fd5d798361b561e81004324f96",
                "reference": "725246324339e5fd5d798361b561e81004324f96",
                "shasum": ""
            },
            "require": {
                "ext-sockets": "*",
                "php": "^7.4.15 || ^8.0.2",
                "psr/log": "^1.1 || ^2.0 || ^3.0",
                "symfony/polyfill-php80": "^1.26"
            },
            "conflict": {
                "wrench/wrench": "*"
            },
            "require-dev": {
                "bamarni/composer-bin-plugin": "^1.8.2",
                "phpunit/phpunit": "^9.6.3 || ^10.0.12"
            },
            "time": "2023-03-11T18:12:56+00:00",
            "type": "library",
            "extra": {
                "bamarni-bin": {
                    "bin-links": true,
                    "forward-command": false
                }
            },
            "installation-source": "dist",
            "autoload": {
                "psr-4": {
                    "Wrench\\": "src/"
                }
            },
            "notification-url": "https://packagist.org/downloads/",
            "license": [
                "MIT"
            ],
            "authors": [
                {
                    "name": "Graham Campbell",
                    "email": "hello@gjcampbell.co.uk",
                    "homepage": "https://github.com/GrahamCampbell"
                }
            ],
            "description": "A simple PHP WebSocket implementation",
            "keywords": [
                "WebSockets",
                "hybi",
                "websocket"
            ],
            "support": {
                "issues": "https://github.com/chrome-php/wrench/issues",
                "source": "https://github.com/chrome-php/wrench/tree/v1.5.0"
            },
            "install-path": "../chrome-php/wrench"
        },
        {
            "name": "evenement/evenement",
            "version": "v3.0.1",
            "version_normalized": "3.0.1.0",
            "source": {
                "type": "git",
                "url": "https://github.com/igorw/evenement.git",
                "reference": "531bfb9d15f8aa57454f5f0285b18bec903b8fb7"
            },
            "dist": {
                "type": "zip",
                "url": "https://api.github.com/repos/igorw/evenement/zipball/531bfb9d15f8aa57454f5f0285b18bec903b8fb7",
                "reference": "531bfb9d15f8aa57454f5f0285b18bec903b8fb7",
                "shasum": ""
            },
            "require": {
                "php": ">=7.0"
            },
            "require-dev": {
                "phpunit/phpunit": "^6.0"
            },
            "time": "2017-07-23T21:35:13+00:00",
            "type": "library",
            "installation-source": "dist",
            "autoload": {
                "psr-0": {
                    "Evenement": "src"
                }
            },
            "notification-url": "https://packagist.org/downloads/",
            "license": [
                "MIT"
            ],
            "authors": [
                {
                    "name": "Igor Wiedler",
                    "email": "igor@wiedler.ch"
                }
            ],
            "description": "Événement is a very simple event dispatching library for PHP",
            "keywords": [
                "event-dispatcher",
                "event-emitter"
            ],
            "support": {
                "issues": "https://github.com/igorw/evenement/issues",
                "source": "https://github.com/igorw/evenement/tree/master"
            },
            "install-path": "../evenement/evenement"
        },
        {
            "name": "monolog/monolog",
            "version": "2.9.1",
            "version_normalized": "2.9.1.0",
            "source": {
                "type": "git",
                "url": "https://github.com/Seldaek/monolog.git",
                "reference": "f259e2b15fb95494c83f52d3caad003bbf5ffaa1"
            },
            "dist": {
                "type": "zip",
                "url": "https://api.github.com/repos/Seldaek/monolog/zipball/f259e2b15fb95494c83f52d3caad003bbf5ffaa1",
                "reference": "f259e2b15fb95494c83f52d3caad003bbf5ffaa1",
                "shasum": ""
            },
            "require": {
                "php": ">=7.2",
                "psr/log": "^1.0.1 || ^2.0 || ^3.0"
            },
            "provide": {
                "psr/log-implementation": "1.0.0 || 2.0.0 || 3.0.0"
            },
            "require-dev": {
                "aws/aws-sdk-php": "^2.4.9 || ^3.0",
                "doctrine/couchdb": "~1.0@dev",
                "elasticsearch/elasticsearch": "^7 || ^8",
                "ext-json": "*",
                "graylog2/gelf-php": "^1.4.2 || ^2@dev",
                "guzzlehttp/guzzle": "^7.4",
                "guzzlehttp/psr7": "^2.2",
                "mongodb/mongodb": "^1.8",
                "php-amqplib/php-amqplib": "~2.4 || ^3",
                "phpspec/prophecy": "^1.15",
                "phpstan/phpstan": "^0.12.91",
                "phpunit/phpunit": "^8.5.14",
                "predis/predis": "^1.1 || ^2.0",
                "rollbar/rollbar": "^1.3 || ^2 || ^3",
                "ruflin/elastica": "^7",
                "swiftmailer/swiftmailer": "^5.3|^6.0",
                "symfony/mailer": "^5.4 || ^6",
                "symfony/mime": "^5.4 || ^6"
            },
            "suggest": {
                "aws/aws-sdk-php": "Allow sending log messages to AWS services like DynamoDB",
                "doctrine/couchdb": "Allow sending log messages to a CouchDB server",
                "elasticsearch/elasticsearch": "Allow sending log messages to an Elasticsearch server via official client",
                "ext-amqp": "Allow sending log messages to an AMQP server (1.0+ required)",
                "ext-curl": "Required to send log messages using the IFTTTHandler, the LogglyHandler, the SendGridHandler, the SlackWebhookHandler or the TelegramBotHandler",
                "ext-mbstring": "Allow to work properly with unicode symbols",
                "ext-mongodb": "Allow sending log messages to a MongoDB server (via driver)",
                "ext-openssl": "Required to send log messages using SSL",
                "ext-sockets": "Allow sending log messages to a Syslog server (via UDP driver)",
                "graylog2/gelf-php": "Allow sending log messages to a GrayLog2 server",
                "mongodb/mongodb": "Allow sending log messages to a MongoDB server (via library)",
                "php-amqplib/php-amqplib": "Allow sending log messages to an AMQP server using php-amqplib",
                "rollbar/rollbar": "Allow sending log messages to Rollbar",
                "ruflin/elastica": "Allow sending log messages to an Elastic Search server"
            },
            "time": "2023-02-06T13:44:46+00:00",
            "type": "library",
            "extra": {
                "branch-alias": {
                    "dev-main": "2.x-dev"
                }
            },
            "installation-source": "dist",
            "autoload": {
                "psr-4": {
                    "Monolog\\": "src/Monolog"
                }
            },
            "notification-url": "https://packagist.org/downloads/",
            "license": [
                "MIT"
            ],
            "authors": [
                {
                    "name": "Jordi Boggiano",
                    "email": "j.boggiano@seld.be",
                    "homepage": "https://seld.be"
                }
            ],
            "description": "Sends your logs to files, sockets, inboxes, databases and various web services",
            "homepage": "https://github.com/Seldaek/monolog",
            "keywords": [
                "log",
                "logging",
                "psr-3"
            ],
            "support": {
                "issues": "https://github.com/Seldaek/monolog/issues",
                "source": "https://github.com/Seldaek/monolog/tree/2.9.1"
            },
            "funding": [
                {
                    "url": "https://github.com/Seldaek",
                    "type": "github"
                },
                {
                    "url": "https://tidelift.com/funding/github/packagist/monolog/monolog",
                    "type": "tidelift"
                }
            ],
            "install-path": "../monolog/monolog"
        },
        {
            "name": "psr/log",
            "version": "1.1.4",
            "version_normalized": "1.1.4.0",
            "source": {
                "type": "git",
                "url": "https://github.com/php-fig/log.git",
                "reference": "d49695b909c3b7628b6289db5479a1c204601f11"
            },
            "dist": {
                "type": "zip",
                "url": "https://api.github.com/repos/php-fig/log/zipball/d49695b909c3b7628b6289db5479a1c204601f11",
                "reference": "d49695b909c3b7628b6289db5479a1c204601f11",
                "shasum": ""
            },
            "require": {
                "php": ">=5.3.0"
            },
            "time": "2021-05-03T11:20:27+00:00",
            "type": "library",
            "extra": {
                "branch-alias": {
                    "dev-master": "1.1.x-dev"
                }
            },
            "installation-source": "dist",
            "autoload": {
                "psr-4": {
                    "Psr\\Log\\": "Psr/Log/"
                }
            },
            "notification-url": "https://packagist.org/downloads/",
            "license": [
                "MIT"
            ],
            "authors": [
                {
                    "name": "PHP-FIG",
                    "homepage": "https://www.php-fig.org/"
                }
            ],
            "description": "Common interface for logging libraries",
            "homepage": "https://github.com/php-fig/log",
            "keywords": [
                "log",
                "psr",
                "psr-3"
            ],
            "support": {
                "source": "https://github.com/php-fig/log/tree/1.1.4"
            },
            "install-path": "../psr/log"
        },
        {
            "name": "symfony/filesystem",
            "version": "v5.4.21",
            "version_normalized": "5.4.21.0",
            "source": {
                "type": "git",
                "url": "https://github.com/symfony/filesystem.git",
                "reference": "e75960b1bbfd2b8c9e483e0d74811d555ca3de9f"
            },
            "dist": {
                "type": "zip",
                "url": "https://api.github.com/repos/symfony/filesystem/zipball/e75960b1bbfd2b8c9e483e0d74811d555ca3de9f",
                "reference": "e75960b1bbfd2b8c9e483e0d74811d555ca3de9f",
                "shasum": ""
            },
            "require": {
                "php": ">=7.2.5",
                "symfony/polyfill-ctype": "~1.8",
                "symfony/polyfill-mbstring": "~1.8",
                "symfony/polyfill-php80": "^1.16"
            },
            "time": "2023-02-14T08:03:56+00:00",
            "type": "library",
            "installation-source": "dist",
            "autoload": {
                "psr-4": {
                    "Symfony\\Component\\Filesystem\\": ""
                },
                "exclude-from-classmap": [
                    "/Tests/"
                ]
            },
            "notification-url": "https://packagist.org/downloads/",
            "license": [
                "MIT"
            ],
            "authors": [
                {
                    "name": "Fabien Potencier",
                    "email": "fabien@symfony.com"
                },
                {
                    "name": "Symfony Community",
                    "homepage": "https://symfony.com/contributors"
                }
            ],
            "description": "Provides basic utilities for the filesystem",
            "homepage": "https://symfony.com",
            "support": {
                "source": "https://github.com/symfony/filesystem/tree/v5.4.21"
            },
            "funding": [
                {
                    "url": "https://symfony.com/sponsor",
                    "type": "custom"
                },
                {
                    "url": "https://github.com/fabpot",
                    "type": "github"
                },
                {
                    "url": "https://tidelift.com/funding/github/packagist/symfony/symfony",
                    "type": "tidelift"
                }
            ],
            "install-path": "../symfony/filesystem"
        },
        {
            "name": "symfony/polyfill-ctype",
            "version": "v1.27.0",
            "version_normalized": "1.27.0.0",
            "source": {
                "type": "git",
                "url": "https://github.com/symfony/polyfill-ctype.git",
                "reference": "5bbc823adecdae860bb64756d639ecfec17b050a"
            },
            "dist": {
                "type": "zip",
                "url": "https://api.github.com/repos/symfony/polyfill-ctype/zipball/5bbc823adecdae860bb64756d639ecfec17b050a",
                "reference": "5bbc823adecdae860bb64756d639ecfec17b050a",
                "shasum": ""
            },
            "require": {
                "php": ">=7.1"
            },
            "provide": {
                "ext-ctype": "*"
            },
            "suggest": {
                "ext-ctype": "For best performance"
            },
            "time": "2022-11-03T14:55:06+00:00",
            "type": "library",
            "extra": {
                "branch-alias": {
                    "dev-main": "1.27-dev"
                },
                "thanks": {
                    "name": "symfony/polyfill",
                    "url": "https://github.com/symfony/polyfill"
                }
            },
            "installation-source": "dist",
            "autoload": {
                "files": [
                    "bootstrap.php"
                ],
                "psr-4": {
                    "Symfony\\Polyfill\\Ctype\\": ""
                }
            },
            "notification-url": "https://packagist.org/downloads/",
            "license": [
                "MIT"
            ],
            "authors": [
                {
                    "name": "Gert de Pagter",
                    "email": "BackEndTea@gmail.com"
                },
                {
                    "name": "Symfony Community",
                    "homepage": "https://symfony.com/contributors"
                }
            ],
            "description": "Symfony polyfill for ctype functions",
            "homepage": "https://symfony.com",
            "keywords": [
                "compatibility",
                "ctype",
                "polyfill",
                "portable"
            ],
            "support": {
                "source": "https://github.com/symfony/polyfill-ctype/tree/v1.27.0"
            },
            "funding": [
                {
                    "url": "https://symfony.com/sponsor",
                    "type": "custom"
                },
                {
                    "url": "https://github.com/fabpot",
                    "type": "github"
                },
                {
                    "url": "https://tidelift.com/funding/github/packagist/symfony/symfony",
                    "type": "tidelift"
                }
            ],
            "install-path": "../symfony/polyfill-ctype"
        },
        {
            "name": "symfony/polyfill-mbstring",
            "version": "v1.27.0",
            "version_normalized": "1.27.0.0",
            "source": {
                "type": "git",
                "url": "https://github.com/symfony/polyfill-mbstring.git",
                "reference": "8ad114f6b39e2c98a8b0e3bd907732c207c2b534"
            },
            "dist": {
                "type": "zip",
                "url": "https://api.github.com/repos/symfony/polyfill-mbstring/zipball/8ad114f6b39e2c98a8b0e3bd907732c207c2b534",
                "reference": "8ad114f6b39e2c98a8b0e3bd907732c207c2b534",
                "shasum": ""
            },
            "require": {
                "php": ">=7.1"
            },
            "provide": {
                "ext-mbstring": "*"
            },
            "suggest": {
                "ext-mbstring": "For best performance"
            },
            "time": "2022-11-03T14:55:06+00:00",
            "type": "library",
            "extra": {
                "branch-alias": {
                    "dev-main": "1.27-dev"
                },
                "thanks": {
                    "name": "symfony/polyfill",
                    "url": "https://github.com/symfony/polyfill"
                }
            },
            "installation-source": "dist",
            "autoload": {
                "files": [
                    "bootstrap.php"
                ],
                "psr-4": {
                    "Symfony\\Polyfill\\Mbstring\\": ""
                }
            },
            "notification-url": "https://packagist.org/downloads/",
            "license": [
                "MIT"
            ],
            "authors": [
                {
                    "name": "Nicolas Grekas",
                    "email": "p@tchwork.com"
                },
                {
                    "name": "Symfony Community",
                    "homepage": "https://symfony.com/contributors"
                }
            ],
            "description": "Symfony polyfill for the Mbstring extension",
            "homepage": "https://symfony.com",
            "keywords": [
                "compatibility",
                "mbstring",
                "polyfill",
                "portable",
                "shim"
            ],
            "support": {
                "source": "https://github.com/symfony/polyfill-mbstring/tree/v1.27.0"
            },
            "funding": [
                {
                    "url": "https://symfony.com/sponsor",
                    "type": "custom"
                },
                {
                    "url": "https://github.com/fabpot",
                    "type": "github"
                },
                {
                    "url": "https://tidelift.com/funding/github/packagist/symfony/symfony",
                    "type": "tidelift"
                }
            ],
            "install-path": "../symfony/polyfill-mbstring"
        },
        {
            "name": "symfony/polyfill-php80",
            "version": "v1.27.0",
            "version_normalized": "1.27.0.0",
            "source": {
                "type": "git",
                "url": "https://github.com/symfony/polyfill-php80.git",
                "reference": "7a6ff3f1959bb01aefccb463a0f2cd3d3d2fd936"
            },
            "dist": {
                "type": "zip",
                "url": "https://api.github.com/repos/symfony/polyfill-php80/zipball/7a6ff3f1959bb01aefccb463a0f2cd3d3d2fd936",
                "reference": "7a6ff3f1959bb01aefccb463a0f2cd3d3d2fd936",
                "shasum": ""
            },
            "require": {
                "php": ">=7.1"
            },
            "time": "2022-11-03T14:55:06+00:00",
            "type": "library",
            "extra": {
                "branch-alias": {
                    "dev-main": "1.27-dev"
                },
                "thanks": {
                    "name": "symfony/polyfill",
                    "url": "https://github.com/symfony/polyfill"
                }
            },
            "installation-source": "dist",
            "autoload": {
                "files": [
                    "bootstrap.php"
                ],
                "psr-4": {
                    "Symfony\\Polyfill\\Php80\\": ""
                },
                "classmap": [
                    "Resources/stubs"
                ]
            },
            "notification-url": "https://packagist.org/downloads/",
            "license": [
                "MIT"
            ],
            "authors": [
                {
                    "name": "Ion Bazan",
                    "email": "ion.bazan@gmail.com"
                },
                {
                    "name": "Nicolas Grekas",
                    "email": "p@tchwork.com"
                },
                {
                    "name": "Symfony Community",
                    "homepage": "https://symfony.com/contributors"
                }
            ],
            "description": "Symfony polyfill backporting some PHP 8.0+ features to lower PHP versions",
            "homepage": "https://symfony.com",
            "keywords": [
                "compatibility",
                "polyfill",
                "portable",
                "shim"
            ],
            "support": {
                "source": "https://github.com/symfony/polyfill-php80/tree/v1.27.0"
            },
            "funding": [
                {
                    "url": "https://symfony.com/sponsor",
                    "type": "custom"
                },
                {
                    "url": "https://github.com/fabpot",
                    "type": "github"
                },
                {
                    "url": "https://tidelift.com/funding/github/packagist/symfony/symfony",
                    "type": "tidelift"
                }
            ],
            "install-path": "../symfony/polyfill-php80"
        },
        {
            "name": "symfony/process",
            "version": "v5.4.22",
            "version_normalized": "5.4.22.0",
            "source": {
                "type": "git",
                "url": "https://github.com/symfony/process.git",
                "reference": "4b850da0cc3a2a9181c1ed407adbca4733dc839b"
            },
            "dist": {
                "type": "zip",
                "url": "https://api.github.com/repos/symfony/process/zipball/4b850da0cc3a2a9181c1ed407adbca4733dc839b",
                "reference": "4b850da0cc3a2a9181c1ed407adbca4733dc839b",
                "shasum": ""
            },
            "require": {
                "php": ">=7.2.5",
                "symfony/polyfill-php80": "^1.16"
            },
            "time": "2023-03-06T21:29:33+00:00",
            "type": "library",
            "installation-source": "dist",
            "autoload": {
                "psr-4": {
                    "Symfony\\Component\\Process\\": ""
                },
                "exclude-from-classmap": [
                    "/Tests/"
                ]
            },
            "notification-url": "https://packagist.org/downloads/",
            "license": [
                "MIT"
            ],
            "authors": [
                {
                    "name": "Fabien Potencier",
                    "email": "fabien@symfony.com"
                },
                {
                    "name": "Symfony Community",
                    "homepage": "https://symfony.com/contributors"
                }
            ],
            "description": "Executes commands in sub-processes",
            "homepage": "https://symfony.com",
            "support": {
                "source": "https://github.com/symfony/process/tree/v5.4.22"
            },
            "funding": [
                {
                    "url": "https://symfony.com/sponsor",
                    "type": "custom"
                },
                {
                    "url": "https://github.com/fabpot",
                    "type": "github"
                },
                {
                    "url": "https://tidelift.com/funding/github/packagist/symfony/symfony",
                    "type": "tidelift"
                }
            ],
            "install-path": "../symfony/process"
        }
    ],
    "dev": true,
    "dev-package-names": []
}
